Iteration,TS_Mean,TS_Std,HS_Default_Mean,HS_Default_Std,HS_Tuned_Mean,HS_Tuned_Std
1,21.2,2.0976176963403,10.5,2.27303028283098,10.5,2.27303028283098
2,18.9,1.72884033065199,10.5,2.27303028283098,10.5,2.27303028283098
3,17.1,1.3703203194063,10.5,2.27303028283098,10.5,2.27303028283098
4,15.8,1.31656117720877,10.5,2.27303028283098,10.5,2.27303028283098
5,14.8,1.31656117720877,10.5,2.27303028283098,10.5,2.27303028283098
6,13.8,1.31656117720877,10.5,2.27303028283098,10.5,2.27303028283098
7,12.8,1.31656117720877,10.5,2.27303028283098,10.5,2.27303028283098
8,11.8,1.31656117720877,10.5,2.27303028283098,10.5,2.27303028283098
9,10.8,1.31656117720877,10.5,2.27303028283098,10.5,2.27303028283098
10,10,1.05409255338946,10.5,2.27303028283098,10.5,2.27303028283098
11,9.1,1.10050493461461,10.5,2.27303028283098,10.5,2.27303028283098
12,8.6,1.26491106406735,10.5,2.27303028283098,10.5,2.27303028283098
13,8.3,1.05934990547138,10.5,2.27303028283098,10.5,2.27303028283098
14,7.8,1.13529242439509,10.5,2.27303028283098,10.5,2.27303028283098
15,7.5,1.26929551764398,10.5,2.27303028283098,10.5,2.27303028283098
16,7.1,0.994428926011753,10.5,2.27303028283098,10.5,2.27303028283098
17,7,1.05409255338946,10.5,2.27303028283098,10.5,2.27303028283098
18,6.6,0.843274042711568,10.5,2.27303028283098,10.5,2.27303028283098
19,6.6,0.843274042711568,10.5,2.27303028283098,10.5,2.27303028283098
20,6.4,1.07496769977314,10.5,2.27303028283098,10.5,2.27303028283098
21,6,0.942809041582063,10.5,2.27303028283098,10.5,2.27303028283098
22,5.7,0.948683298050514,10.5,2.27303028283098,10.5,2.27303028283098
23,5.5,0.97182531580755,10.5,2.27303028283098,10.5,2.27303028283098
24,5.3,0.948683298050514,10.5,2.27303028283098,10.5,2.27303028283098
25,5.2,0.918936583472681,10.5,2.27303028283098,10.5,2.27303028283098
26,5.1,0.994428926011753,10.5,2.27303028283098,10.5,2.27303028283098
27,4.9,0.994428926011753,10.5,2.27303028283098,10.5,2.27303028283098
28,4.5,1.08012344973464,10.5,2.27303028283098,10.5,2.27303028283098
29,4.3,1.15950180872841,10.5,2.27303028283098,10.5,2.27303028283098
30,4.1,1.3703203194063,10.5,2.27303028283098,10.5,2.27303028283098
31,4,1.4142135623731,10.5,2.27303028283098,10.5,2.27303028283098
32,3.9,1.44913767461894,10.5,2.27303028283098,10.5,2.27303028283098
33,3.8,1.54919333848297,10.5,2.27303028283098,10.5,2.27303028283098
34,3.8,1.54919333848297,10.5,2.27303028283098,10.5,2.27303028283098
35,3.6,1.57762127549323,10.5,2.27303028283098,10.5,2.27303028283098
36,3.5,1.58113883008419,10.5,2.27303028283098,10.5,2.27303028283098
37,3.3,1.76698110409314,10.5,2.27303028283098,10.5,2.27303028283098
38,3.2,1.75119007154183,10.5,2.27303028283098,10.5,2.27303028283098
39,3.2,1.75119007154183,10.5,2.27303028283098,10.5,2.27303028283098
40,3,1.88561808316413,10.5,2.27303028283098,10.5,2.27303028283098
41,3,1.88561808316413,10.5,2.27303028283098,10.5,2.27303028283098
42,2.9,1.96920739836559,10.5,2.27303028283098,10.5,2.27303028283098
43,2.9,1.96920739836559,10.5,2.27303028283098,10.5,2.27303028283098
44,2.8,1.98885785202351,10.5,2.27303028283098,10.5,2.27303028283098
45,2.8,1.98885785202351,10.5,2.27303028283098,10.5,2.27303028283098
46,2.8,1.98885785202351,10.5,2.27303028283098,10.5,2.27303028283098
47,2.7,2.00277585143997,10.5,2.27303028283098,10.5,2.27303028283098
48,2.7,2.00277585143997,10.5,2.27303028283098,10.5,2.27303028283098
49,2.5,2.17306746840088,10.5,2.27303028283098,10.5,2.27303028283098
50,2.3,2.31180545125329,10.5,2.27303028283098,10.5,2.27303028283098
51,2.3,2.31180545125329,10.5,2.27303028283098,10.5,2.27303028283098
52,2.2,2.34757558155453,10.5,2.27303028283098,10.5,2.27303028283098
53,2.2,2.34757558155453,10.5,2.27303028283098,10.5,2.27303028283098
54,2,2.35702260395516,10.5,2.27303028283098,10.5,2.27303028283098
55,2,2.35702260395516,10.5,2.27303028283098,10.5,2.27303028283098
56,1.9,2.33095116493961,10.5,2.27303028283098,10.5,2.27303028283098
57,1.9,2.33095116493961,10.5,2.27303028283098,10.5,2.27303028283098
58,1.7,2.40601099101581,10.5,2.27303028283098,10.5,2.27303028283098
59,1.7,2.40601099101581,10.5,2.27303028283098,10.5,2.27303028283098
60,1.7,2.40601099101581,10.5,2.27303028283098,10.5,2.27303028283098
61,1.6,2.27058484879019,10.5,2.27303028283098,10.5,2.27303028283098
62,1.6,2.27058484879019,10.5,2.27303028283098,10.5,2.27303028283098
63,1.6,2.27058484879019,10.5,2.27303028283098,10.5,2.27303028283098
64,1.6,2.27058484879019,10.5,2.27303028283098,10.5,2.27303028283098
65,1.6,2.27058484879019,10.5,2.27303028283098,10.5,2.27303028283098
66,1.6,2.27058484879019,10.5,2.27303028283098,10.5,2.27303028283098
67,1.6,2.27058484879019,10.5,2.27303028283098,10.5,2.27303028283098
68,1.6,2.27058484879019,10.5,2.27303028283098,10.5,2.27303028283098
69,1.4,2.36643191323985,10.5,2.27303028283098,10.5,2.27303028283098
70,1.4,2.36643191323985,10.5,2.27303028283098,10.5,2.27303028283098
71,1.3,2.26323269290239,10.5,2.27303028283098,10.5,2.27303028283098
72,1.3,2.26323269290239,10.5,2.27303028283098,10.5,2.27303028283098
73,1.3,2.26323269290239,10.5,2.27303028283098,10.5,2.27303028283098
74,1.3,2.26323269290239,10.5,2.27303028283098,10.5,2.27303028283098
75,1.3,2.26323269290239,10.5,2.27303028283098,10.5,2.27303028283098
76,1.3,2.26323269290239,10.5,2.27303028283098,10.5,2.27303028283098
77,1.2,2.20100986922922,10.5,2.27303028283098,10.5,2.27303028283098
78,1.2,2.20100986922922,10.5,2.27303028283098,10.5,2.27303028283098
79,1.2,2.20100986922922,10.5,2.27303028283098,10.5,2.27303028283098
80,1.2,2.20100986922922,10.5,2.27303028283098,10.5,2.27303028283098
81,1.2,2.20100986922922,10.5,2.27303028283098,10.5,2.27303028283098
82,1.2,2.20100986922922,10.5,2.27303028283098,10.5,2.27303028283098
83,1.2,2.20100986922922,10.5,2.27303028283098,10.5,2.27303028283098
84,1.2,2.20100986922922,10.5,2.27303028283098,10.5,2.27303028283098
85,1.1,1.91195071996,10.5,2.27303028283098,10.5,2.27303028283098
86,1.1,1.91195071996,10.5,2.27303028283098,10.5,2.27303028283098
87,1,1.63299316185545,10.5,2.27303028283098,10.5,2.27303028283098
88,1,1.63299316185545,10.5,2.27303028283098,10.5,2.27303028283098
89,1,1.63299316185545,10.5,2.27303028283098,10.5,2.27303028283098
90,1,1.63299316185545,10.5,2.27303028283098,10.5,2.27303028283098
91,1,1.63299316185545,10.5,2.27303028283098,10.5,2.27303028283098
92,1,1.63299316185545,10.5,2.27303028283098,10.5,2.27303028283098
93,1,1.63299316185545,10.5,2.27303028283098,10.5,2.27303028283098
94,1,1.63299316185545,10.5,2.27303028283098,10.5,2.27303028283098
95,0.9,1.59513148186739,10.5,2.27303028283098,10.1,2.51440295541948
96,0.9,1.59513148186739,10.5,2.27303028283098,10.1,2.51440295541948
97,0.9,1.59513148186739,10.5,2.27303028283098,10.1,2.51440295541948
98,0.9,1.59513148186739,10.5,2.27303028283098,10.1,2.51440295541948
99,0.9,1.59513148186739,10.5,2.27303028283098,10.1,2.51440295541948
100,0.9,1.59513148186739,10.5,2.27303028283098,10.1,2.51440295541948
101,0.8,1.54919333848297,10.5,2.27303028283098,10.1,2.51440295541948
102,0.8,1.54919333848297,10.5,2.27303028283098,10.1,2.51440295541948
103,0.8,1.54919333848297,10.5,2.27303028283098,10.1,2.51440295541948
104,0.8,1.54919333848297,10.5,2.27303028283098,10.1,2.51440295541948
105,0.8,1.54919333848297,10.5,2.27303028283098,10.1,2.51440295541948
106,0.8,1.54919333848297,10.5,2.27303028283098,10.1,2.51440295541948
107,0.8,1.54919333848297,10.5,2.27303028283098,10.1,2.51440295541948
108,0.7,1.56702123647242,10.5,2.27303028283098,10.1,2.51440295541948
109,0.7,1.56702123647242,10.5,2.27303028283098,10.1,2.51440295541948
110,0.7,1.56702123647242,10.5,2.27303028283098,10.1,2.51440295541948
111,0.6,1.57762127549323,10.5,2.27303028283098,10.1,2.51440295541948
112,0.6,1.57762127549323,10.5,2.27303028283098,10.1,2.51440295541948
113,0.6,1.57762127549323,10.5,2.27303028283098,10.1,2.51440295541948
114,0.6,1.57762127549323,10.5,2.27303028283098,10.1,2.51440295541948
115,0.6,1.57762127549323,10.5,2.27303028283098,10.1,2.51440295541948
116,0.6,1.57762127549323,10.5,2.27303028283098,10.1,2.51440295541948
117,0.6,1.57762127549323,10.5,2.27303028283098,10.1,2.51440295541948
118,0.6,1.57762127549323,10.5,2.27303028283098,10.1,2.51440295541948
119,0.6,1.57762127549323,10.5,2.27303028283098,10.1,2.51440295541948
120,0.6,1.57762127549323,10.5,2.27303028283098,10.1,2.51440295541948
121,0.6,1.57762127549323,10.5,2.27303028283098,10.1,2.51440295541948
122,0.6,1.57762127549323,10.5,2.27303028283098,10,2.70801280154532
123,0.6,1.57762127549323,10.5,2.27303028283098,10,2.70801280154532
124,0.6,1.57762127549323,10.5,2.27303028283098,10,2.70801280154532
125,0.6,1.57762127549323,10.5,2.27303028283098,10,2.70801280154532
126,0.6,1.57762127549323,10.5,2.27303028283098,10,2.70801280154532
127,0.6,1.57762127549323,10.5,2.27303028283098,10,2.70801280154532
128,0.6,1.57762127549323,10.5,2.27303028283098,10,2.70801280154532
129,0.6,1.57762127549323,10.5,2.27303028283098,10,2.70801280154532
130,0.6,1.57762127549323,10.5,2.27303028283098,10,2.70801280154532
131,0.6,1.57762127549323,10.5,2.27303028283098,10,2.70801280154532
132,0.6,1.57762127549323,10.5,2.27303028283098,10,2.70801280154532
133,0.5,1.58113883008419,10.5,2.27303028283098,9.7,2.86937856222098
134,0.5,1.58113883008419,10.5,2.27303028283098,9.7,2.86937856222098
135,0.5,1.58113883008419,10.5,2.27303028283098,9.7,2.86937856222098
136,0.5,1.58113883008419,10.5,2.27303028283098,9.7,2.86937856222098
137,0.5,1.58113883008419,10.5,2.27303028283098,9.7,2.86937856222098
138,0.5,1.58113883008419,10.5,2.27303028283098,9.7,2.86937856222098
139,0.5,1.58113883008419,10.5,2.27303028283098,9.7,2.86937856222098
140,0.5,1.58113883008419,10.5,2.27303028283098,9.7,2.86937856222098
141,0.5,1.58113883008419,10.5,2.27303028283098,9.7,2.86937856222098
142,0.5,1.58113883008419,10.5,2.27303028283098,9.7,2.86937856222098
143,0.5,1.58113883008419,10.5,2.27303028283098,9.7,2.86937856222098
144,0.5,1.58113883008419,10.5,2.27303028283098,9.7,2.86937856222098
145,0.5,1.58113883008419,10.5,2.27303028283098,9.7,2.86937856222098
146,0.5,1.58113883008419,10.5,2.27303028283098,9.7,2.86937856222098
147,0.5,1.58113883008419,10.5,2.27303028283098,9.7,2.86937856222098
148,0.5,1.58113883008419,10.5,2.27303028283098,9.7,2.86937856222098
149,0.5,1.58113883008419,10.5,2.27303028283098,9.7,2.86937856222098
150,0.5,1.58113883008419,10.5,2.27303028283098,9.7,2.86937856222098
151,0.5,1.58113883008419,10.5,2.27303028283098,9.7,2.86937856222098
152,0.5,1.58113883008419,10.5,2.27303028283098,9.7,2.86937856222098
153,0.5,1.58113883008419,10.5,2.27303028283098,9.7,2.86937856222098
154,0.5,1.58113883008419,10.5,2.27303028283098,9.7,2.86937856222098
155,0.5,1.58113883008419,10.5,2.27303028283098,9.7,2.86937856222098
156,0.5,1.58113883008419,10.5,2.27303028283098,9.7,2.86937856222098
157,0.5,1.58113883008419,10.5,2.27303028283098,9.7,2.86937856222098
158,0.5,1.58113883008419,10.5,2.27303028283098,9.7,2.86937856222098
159,0.5,1.58113883008419,10.5,2.27303028283098,9.7,2.86937856222098
160,0.5,1.58113883008419,10.5,2.27303028283098,9.7,2.86937856222098
161,0.5,1.58113883008419,10.5,2.27303028283098,9.7,2.86937856222098
162,0.5,1.58113883008419,10.5,2.27303028283098,9.7,2.86937856222098
163,0.5,1.58113883008419,10.5,2.27303028283098,9.7,2.86937856222098
164,0.5,1.58113883008419,10.5,2.27303028283098,9.7,2.86937856222098
165,0.5,1.58113883008419,10.5,2.27303028283098,9.7,2.86937856222098
166,0.5,1.58113883008419,10.5,2.27303028283098,9.7,2.86937856222098
167,0.5,1.58113883008419,10.5,2.27303028283098,9.7,2.86937856222098
168,0.5,1.58113883008419,10.5,2.27303028283098,9.7,2.86937856222098
169,0.5,1.58113883008419,10.5,2.27303028283098,9.7,2.86937856222098
170,0.5,1.58113883008419,10.5,2.27303028283098,9.7,2.86937856222098
171,0.5,1.58113883008419,10.5,2.27303028283098,9.7,2.86937856222098
172,0.5,1.58113883008419,10.5,2.27303028283098,9.7,2.86937856222098
173,0.5,1.58113883008419,10.5,2.27303028283098,9.7,2.86937856222098
174,0.5,1.58113883008419,10.5,2.27303028283098,9.7,2.86937856222098
175,0.5,1.58113883008419,10.5,2.27303028283098,9.7,2.86937856222098
176,0.5,1.58113883008419,10.5,2.27303028283098,9.7,2.86937856222098
177,0.5,1.58113883008419,10.5,2.27303028283098,9.7,2.86937856222098
178,0.5,1.58113883008419,10.5,2.27303028283098,9.7,2.86937856222098
179,0.5,1.58113883008419,10.5,2.27303028283098,9.7,2.86937856222098
180,0.5,1.58113883008419,10.5,2.27303028283098,9.7,2.86937856222098
181,0.5,1.58113883008419,10.5,2.27303028283098,9.7,2.86937856222098
182,0.5,1.58113883008419,10.5,2.27303028283098,9.7,2.86937856222098
183,0.5,1.58113883008419,10.5,2.27303028283098,9.7,2.86937856222098
184,0.5,1.58113883008419,10.5,2.27303028283098,9.7,2.86937856222098
185,0.5,1.58113883008419,10.5,2.27303028283098,9.7,2.86937856222098
186,0.5,1.58113883008419,10.5,2.27303028283098,9.7,2.86937856222098
187,0.5,1.58113883008419,10.5,2.27303028283098,9.7,2.86937856222098
188,0.5,1.58113883008419,10.5,2.27303028283098,9.7,2.86937856222098
189,0.5,1.58113883008419,10.5,2.27303028283098,9.7,2.86937856222098
190,0.5,1.58113883008419,10.5,2.27303028283098,9.7,2.86937856222098
191,0.5,1.58113883008419,10.5,2.27303028283098,9.7,2.86937856222098
192,0.5,1.58113883008419,10.5,2.27303028283098,9.7,2.86937856222098
193,0.5,1.58113883008419,10.5,2.27303028283098,9.7,2.86937856222098
194,0.5,1.58113883008419,10.5,2.27303028283098,9.7,2.86937856222098
195,0.5,1.58113883008419,10.5,2.27303028283098,9.7,2.86937856222098
196,0.5,1.58113883008419,10.5,2.27303028283098,9.7,2.86937856222098
197,0.5,1.58113883008419,10.5,2.27303028283098,9.7,2.86937856222098
198,0.5,1.58113883008419,10.5,2.27303028283098,9.7,2.86937856222098
199,0.5,1.58113883008419,10.5,2.27303028283098,9.7,2.86937856222098
200,0.5,1.58113883008419,10.5,2.27303028283098,9.6,2.98886823619465
201,0.5,1.58113883008419,10.5,2.27303028283098,9.6,2.98886823619465
202,0.5,1.58113883008419,10.5,2.27303028283098,9.6,2.98886823619465
203,0.5,1.58113883008419,10.5,2.27303028283098,9.6,2.98886823619465
204,0.5,1.58113883008419,10.5,2.27303028283098,9.4,3.3065591380366
205,0.5,1.58113883008419,10.5,2.27303028283098,9.4,3.3065591380366
206,0.5,1.58113883008419,10.5,2.27303028283098,9.4,3.3065591380366
207,0.5,1.58113883008419,10.5,2.27303028283098,9.4,3.3065591380366
208,0.5,1.58113883008419,10.5,2.27303028283098,9.4,3.3065591380366
209,0.5,1.58113883008419,10.5,2.27303028283098,9.4,3.3065591380366
210,0.5,1.58113883008419,10.5,2.27303028283098,9.4,3.3065591380366
211,0.5,1.58113883008419,10.5,2.27303028283098,9.4,3.3065591380366
212,0.5,1.58113883008419,10.5,2.27303028283098,9.4,3.3065591380366
213,0.5,1.58113883008419,10.5,2.27303028283098,9.4,3.3065591380366
214,0.5,1.58113883008419,10.5,2.27303028283098,9.4,3.3065591380366
215,0.5,1.58113883008419,10.5,2.27303028283098,9.4,3.3065591380366
216,0.5,1.58113883008419,10.5,2.27303028283098,9.4,3.3065591380366
217,0.5,1.58113883008419,10.5,2.27303028283098,9.4,3.3065591380366
218,0.5,1.58113883008419,10.5,2.27303028283098,9.4,3.3065591380366
219,0.5,1.58113883008419,10.5,2.27303028283098,9.4,3.3065591380366
220,0.5,1.58113883008419,10.5,2.27303028283098,9.4,3.3065591380366
221,0.5,1.58113883008419,10.5,2.27303028283098,9.4,3.3065591380366
222,0.5,1.58113883008419,10.5,2.27303028283098,9.4,3.3065591380366
223,0.5,1.58113883008419,10.5,2.27303028283098,9.4,3.3065591380366
224,0.5,1.58113883008419,10.5,2.27303028283098,9.4,3.3065591380366
225,0.5,1.58113883008419,10.5,2.27303028283098,9.4,3.3065591380366
226,0.5,1.58113883008419,10.5,2.27303028283098,9.4,3.3065591380366
227,0.5,1.58113883008419,10.5,2.27303028283098,9.4,3.3065591380366
228,0.5,1.58113883008419,10.5,2.27303028283098,9.4,3.3065591380366
229,0.5,1.58113883008419,10.5,2.27303028283098,9.4,3.3065591380366
230,0.5,1.58113883008419,10.5,2.27303028283098,9.4,3.3065591380366
231,0.5,1.58113883008419,10.5,2.27303028283098,9.4,3.3065591380366
232,0.5,1.58113883008419,10.5,2.27303028283098,9.4,3.3065591380366
233,0.5,1.58113883008419,10.5,2.27303028283098,9.4,3.3065591380366
234,0.5,1.58113883008419,10.5,2.27303028283098,9.4,3.3065591380366
235,0.5,1.58113883008419,10.5,2.27303028283098,9.4,3.3065591380366
236,0.5,1.58113883008419,10.5,2.27303028283098,9.4,3.3065591380366
237,0.5,1.58113883008419,10.5,2.27303028283098,9.4,3.3065591380366
238,0.5,1.58113883008419,10.5,2.27303028283098,9.4,3.3065591380366
239,0.5,1.58113883008419,10.5,2.27303028283098,9.4,3.3065591380366
240,0.5,1.58113883008419,10.5,2.27303028283098,9.4,3.3065591380366
241,0.5,1.58113883008419,10.5,2.27303028283098,9.4,3.3065591380366
242,0.5,1.58113883008419,10.5,2.27303028283098,9.3,3.46570499481867
243,0.5,1.58113883008419,10.5,2.27303028283098,9.3,3.46570499481867
244,0.5,1.58113883008419,10.5,2.27303028283098,9.3,3.46570499481867
245,0.5,1.58113883008419,10.5,2.27303028283098,9.2,3.55277669185979
246,0.5,1.58113883008419,10.5,2.27303028283098,9.2,3.55277669185979
247,0.5,1.58113883008419,10.5,2.27303028283098,9.2,3.55277669185979
248,0.5,1.58113883008419,10.5,2.27303028283098,9.1,3.66515120197426
249,0.5,1.58113883008419,10.5,2.27303028283098,9,3.82970843102535
250,0.5,1.58113883008419,10.5,2.27303028283098,9,3.82970843102535
251,0.5,1.58113883008419,10.5,2.27303028283098,9,3.82970843102535
252,0.5,1.58113883008419,10.5,2.27303028283098,9,3.82970843102535
253,0.5,1.58113883008419,10.5,2.27303028283098,9,3.82970843102535
254,0.5,1.58113883008419,10.5,2.27303028283098,9,3.82970843102535
255,0.5,1.58113883008419,10.5,2.27303028283098,9,3.82970843102535
256,0.5,1.58113883008419,10.5,2.27303028283098,9,3.82970843102535
257,0.5,1.58113883008419,10.5,2.27303028283098,9,3.82970843102535
258,0.5,1.58113883008419,10.5,2.27303028283098,9,3.82970843102535
259,0.5,1.58113883008419,10.5,2.27303028283098,9,3.82970843102535
260,0.5,1.58113883008419,10.5,2.27303028283098,9,3.82970843102535
261,0.5,1.58113883008419,10.5,2.27303028283098,9,3.82970843102535
262,0.5,1.58113883008419,10.5,2.27303028283098,9,3.82970843102535
263,0.5,1.58113883008419,10.5,2.27303028283098,8.9,3.95671019352638
264,0.5,1.58113883008419,10.5,2.27303028283098,8.9,3.95671019352638
265,0.5,1.58113883008419,10.5,2.27303028283098,8.9,3.95671019352638
266,0.5,1.58113883008419,10.5,2.27303028283098,8.9,3.95671019352638
267,0.5,1.58113883008419,10.5,2.27303028283098,8.9,3.95671019352638
268,0.5,1.58113883008419,10.5,2.27303028283098,8.9,3.95671019352638
269,0.5,1.58113883008419,10.5,2.27303028283098,8.9,3.95671019352638
270,0.5,1.58113883008419,10.5,2.27303028283098,8.9,3.95671019352638
271,0.5,1.58113883008419,10.5,2.27303028283098,8.9,3.95671019352638
272,0.5,1.58113883008419,10.5,2.27303028283098,8.9,3.95671019352638
273,0.5,1.58113883008419,10.5,2.27303028283098,8.9,3.95671019352638
274,0.5,1.58113883008419,10.5,2.27303028283098,8.9,3.95671019352638
275,0.5,1.58113883008419,10.5,2.27303028283098,8.9,3.95671019352638
276,0.5,1.58113883008419,10.5,2.27303028283098,8.9,3.95671019352638
277,0.5,1.58113883008419,10.5,2.27303028283098,8.9,3.95671019352638
278,0.5,1.58113883008419,10.5,2.27303028283098,8.9,3.95671019352638
279,0.5,1.58113883008419,10.5,2.27303028283098,8.9,3.95671019352638
280,0.5,1.58113883008419,10.5,2.27303028283098,8.9,3.95671019352638
281,0.5,1.58113883008419,10.5,2.27303028283098,8.9,3.95671019352638
282,0.5,1.58113883008419,10.5,2.27303028283098,8.9,3.95671019352638
283,0.5,1.58113883008419,10.5,2.27303028283098,8.9,3.95671019352638
284,0.5,1.58113883008419,10.5,2.27303028283098,8.9,3.95671019352638
285,0.5,1.58113883008419,10.5,2.27303028283098,8.9,3.95671019352638
286,0.5,1.58113883008419,10.5,2.27303028283098,8.9,3.95671019352638
287,0.5,1.58113883008419,10.5,2.27303028283098,8.9,3.95671019352638
288,0.5,1.58113883008419,10.5,2.27303028283098,8.9,3.95671019352638
289,0.5,1.58113883008419,10.5,2.27303028283098,8.9,3.95671019352638
290,0.5,1.58113883008419,10.5,2.27303028283098,8.9,3.95671019352638
291,0.5,1.58113883008419,10.5,2.27303028283098,8.9,3.95671019352638
292,0.5,1.58113883008419,10.5,2.27303028283098,8.9,3.95671019352638
293,0.5,1.58113883008419,10.5,2.27303028283098,8.9,3.95671019352638
294,0.5,1.58113883008419,10.5,2.27303028283098,8.9,3.95671019352638
295,0.5,1.58113883008419,10.5,2.27303028283098,8.9,3.95671019352638
296,0.5,1.58113883008419,10.5,2.27303028283098,8.9,3.95671019352638
297,0.5,1.58113883008419,10.5,2.27303028283098,8.9,3.95671019352638
298,0.5,1.58113883008419,10.5,2.27303028283098,8.9,3.95671019352638
299,0.5,1.58113883008419,10.5,2.27303028283098,8.9,3.95671019352638
300,0.5,1.58113883008419,10.5,2.27303028283098,8.9,3.95671019352638
301,0.5,1.58113883008419,10.5,2.27303028283098,8.9,3.95671019352638
302,0.5,1.58113883008419,10.5,2.27303028283098,8.9,3.95671019352638
303,0.5,1.58113883008419,10.5,2.27303028283098,8.9,3.95671019352638
304,0.5,1.58113883008419,10.5,2.27303028283098,8.9,3.95671019352638
305,0.5,1.58113883008419,10.5,2.27303028283098,8.9,3.95671019352638
306,0.5,1.58113883008419,10.5,2.27303028283098,8.9,3.95671019352638
307,0.5,1.58113883008419,10.5,2.27303028283098,8.9,3.95671019352638
308,0.5,1.58113883008419,10.5,2.27303028283098,8.9,3.95671019352638
309,0.5,1.58113883008419,10.5,2.27303028283098,8.9,3.95671019352638
310,0.5,1.58113883008419,10.5,2.27303028283098,8.9,3.95671019352638
311,0.5,1.58113883008419,10.5,2.27303028283098,8.9,3.95671019352638
312,0.5,1.58113883008419,10.5,2.27303028283098,8.9,3.95671019352638
313,0.5,1.58113883008419,10.5,2.27303028283098,8.9,3.95671019352638
314,0.5,1.58113883008419,10.5,2.27303028283098,8.9,3.95671019352638
315,0.5,1.58113883008419,10.5,2.27303028283098,8.9,3.95671019352638
316,0.5,1.58113883008419,10.5,2.27303028283098,8.9,3.95671019352638
317,0.5,1.58113883008419,10.5,2.27303028283098,8.9,3.95671019352638
318,0.5,1.58113883008419,10.5,2.27303028283098,8.9,3.95671019352638
319,0.5,1.58113883008419,10.5,2.27303028283098,8.9,3.95671019352638
320,0.5,1.58113883008419,10.5,2.27303028283098,8.9,3.95671019352638
321,0.5,1.58113883008419,10.5,2.27303028283098,8.9,3.95671019352638
322,0.5,1.58113883008419,10.5,2.27303028283098,8.9,3.95671019352638
323,0.5,1.58113883008419,10.5,2.27303028283098,8.9,3.95671019352638
324,0.5,1.58113883008419,10.5,2.27303028283098,8.9,3.95671019352638
325,0.5,1.58113883008419,10.5,2.27303028283098,8.9,3.95671019352638
326,0.5,1.58113883008419,10.5,2.27303028283098,8.9,3.95671019352638
327,0.5,1.58113883008419,10.5,2.27303028283098,8.9,3.95671019352638
328,0.5,1.58113883008419,10.5,2.27303028283098,8.9,3.95671019352638
329,0.5,1.58113883008419,10.5,2.27303028283098,8.9,3.95671019352638
330,0.5,1.58113883008419,10.5,2.27303028283098,8.9,3.95671019352638
331,0.5,1.58113883008419,10.5,2.27303028283098,8.9,3.95671019352638
332,0.5,1.58113883008419,10.5,2.27303028283098,8.9,3.95671019352638
333,0.5,1.58113883008419,10.5,2.27303028283098,8.9,3.95671019352638
334,0.5,1.58113883008419,10.5,2.27303028283098,8.9,3.95671019352638
335,0.5,1.58113883008419,10.5,2.27303028283098,8.9,3.95671019352638
336,0.5,1.58113883008419,10.5,2.27303028283098,8.8,4.13118223595458
337,0.5,1.58113883008419,10.5,2.27303028283098,8.8,4.13118223595458
338,0.5,1.58113883008419,10.5,2.27303028283098,8.8,4.13118223595458
339,0.5,1.58113883008419,10.5,2.27303028283098,8.8,4.13118223595458
340,0.5,1.58113883008419,10.5,2.27303028283098,8.8,4.13118223595458
341,0.5,1.58113883008419,10.5,2.27303028283098,8.8,4.13118223595458
342,0.5,1.58113883008419,10.5,2.27303028283098,8.8,4.13118223595458
343,0.5,1.58113883008419,10.5,2.27303028283098,8.8,4.13118223595458
344,0.5,1.58113883008419,10.5,2.27303028283098,8.8,4.13118223595458
345,0.5,1.58113883008419,10.5,2.27303028283098,8.8,4.13118223595458
346,0.5,1.58113883008419,10.5,2.27303028283098,8.8,4.13118223595458
347,0.5,1.58113883008419,10.5,2.27303028283098,8.8,4.13118223595458
348,0.5,1.58113883008419,10.5,2.27303028283098,8.8,4.13118223595458
349,0.5,1.58113883008419,10.5,2.27303028283098,8.8,4.13118223595458
350,0.5,1.58113883008419,10.5,2.27303028283098,8.8,4.13118223595458
351,0.5,1.58113883008419,10.5,2.27303028283098,8.8,4.13118223595458
352,0.5,1.58113883008419,10.5,2.27303028283098,8.8,4.13118223595458
353,0.5,1.58113883008419,10.5,2.27303028283098,8.8,4.13118223595458
354,0.5,1.58113883008419,10.5,2.27303028283098,8.8,4.13118223595458
355,0.5,1.58113883008419,10.5,2.27303028283098,8.8,4.13118223595458
356,0.5,1.58113883008419,10.5,2.27303028283098,8.8,4.13118223595458
357,0.5,1.58113883008419,10.5,2.27303028283098,8.8,4.13118223595458
358,0.5,1.58113883008419,10.5,2.27303028283098,8.8,4.13118223595458
359,0.5,1.58113883008419,10.5,2.27303028283098,8.8,4.13118223595458
360,0.5,1.58113883008419,10.5,2.27303028283098,8.8,4.13118223595458
361,0.5,1.58113883008419,10.5,2.27303028283098,8.8,4.13118223595458
362,0.5,1.58113883008419,10.5,2.27303028283098,8.8,4.13118223595458
363,0.5,1.58113883008419,10.5,2.27303028283098,8.8,4.13118223595458
364,0.5,1.58113883008419,10.5,2.27303028283098,8.8,4.13118223595458
365,0.5,1.58113883008419,10.5,2.27303028283098,8.8,4.13118223595458
366,0.5,1.58113883008419,10.5,2.27303028283098,8.8,4.13118223595458
367,0.5,1.58113883008419,10.5,2.27303028283098,8.8,4.13118223595458
368,0.5,1.58113883008419,10.5,2.27303028283098,8.8,4.13118223595458
369,0.5,1.58113883008419,10.5,2.27303028283098,8.8,4.13118223595458
370,0.5,1.58113883008419,10.5,2.27303028283098,8.8,4.13118223595458
371,0.5,1.58113883008419,10.5,2.27303028283098,8.8,4.13118223595458
372,0.5,1.58113883008419,10.5,2.27303028283098,8.8,4.13118223595458
373,0.5,1.58113883008419,10.5,2.27303028283098,8.8,4.13118223595458
374,0.5,1.58113883008419,10.5,2.27303028283098,8.8,4.13118223595458
375,0.5,1.58113883008419,10.5,2.27303028283098,8.7,4.13790070231539
376,0.5,1.58113883008419,10.5,2.27303028283098,8.7,4.13790070231539
377,0.5,1.58113883008419,10.5,2.27303028283098,8.7,4.13790070231539
378,0.5,1.58113883008419,10.5,2.27303028283098,8.7,4.13790070231539
379,0.5,1.58113883008419,10.5,2.27303028283098,8.7,4.13790070231539
380,0.5,1.58113883008419,10.5,2.27303028283098,8.7,4.13790070231539
381,0.5,1.58113883008419,10.5,2.27303028283098,8.7,4.13790070231539
382,0.5,1.58113883008419,10.5,2.27303028283098,8.7,4.13790070231539
383,0.5,1.58113883008419,10.5,2.27303028283098,8.7,4.13790070231539
384,0.5,1.58113883008419,10.5,2.27303028283098,8.7,4.13790070231539
385,0.5,1.58113883008419,10.5,2.27303028283098,8.7,4.13790070231539
386,0.5,1.58113883008419,10.5,2.27303028283098,8.7,4.13790070231539
387,0.5,1.58113883008419,10.5,2.27303028283098,8.6,4.27395211328656
388,0.5,1.58113883008419,10.5,2.27303028283098,8.6,4.27395211328656
389,0.5,1.58113883008419,10.5,2.27303028283098,8.6,4.27395211328656
390,0.5,1.58113883008419,10.5,2.27303028283098,8.6,4.27395211328656
391,0.5,1.58113883008419,10.5,2.27303028283098,8.6,4.27395211328656
392,0.5,1.58113883008419,10.5,2.27303028283098,8.6,4.27395211328656
393,0.5,1.58113883008419,10.5,2.27303028283098,8.5,4.45346307196246
394,0.5,1.58113883008419,10.5,2.27303028283098,8.5,4.45346307196246
395,0.5,1.58113883008419,10.5,2.27303028283098,8.5,4.45346307196246
396,0.5,1.58113883008419,10.5,2.27303028283098,8.5,4.45346307196246
397,0.5,1.58113883008419,10.5,2.27303028283098,8.5,4.45346307196246
398,0.5,1.58113883008419,10.5,2.27303028283098,8.5,4.45346307196246
399,0.5,1.58113883008419,10.5,2.27303028283098,8.5,4.45346307196246
400,0.5,1.58113883008419,10.5,2.27303028283098,8.5,4.45346307196246
401,0.5,1.58113883008419,10.5,2.27303028283098,8.5,4.45346307196246
402,0.5,1.58113883008419,10.5,2.27303028283098,8.5,4.45346307196246
403,0.5,1.58113883008419,10.5,2.27303028283098,8.5,4.45346307196246
404,0.5,1.58113883008419,10.5,2.27303028283098,8.5,4.45346307196246
405,0.5,1.58113883008419,10.5,2.27303028283098,8.5,4.45346307196246
406,0.5,1.58113883008419,10.5,2.27303028283098,8.5,4.45346307196246
407,0.5,1.58113883008419,10.5,2.27303028283098,8.5,4.45346307196246
408,0.5,1.58113883008419,10.5,2.27303028283098,8.5,4.45346307196246
409,0.5,1.58113883008419,10.5,2.27303028283098,8.5,4.45346307196246
410,0.5,1.58113883008419,10.5,2.27303028283098,8.5,4.45346307196246
411,0.5,1.58113883008419,10.5,2.27303028283098,8.5,4.45346307196246
412,0.5,1.58113883008419,10.5,2.27303028283098,8.5,4.45346307196246
413,0.5,1.58113883008419,10.5,2.27303028283098,8.5,4.45346307196246
414,0.5,1.58113883008419,10.5,2.27303028283098,8.5,4.45346307196246
415,0.5,1.58113883008419,10.5,2.27303028283098,8.5,4.45346307196246
416,0.5,1.58113883008419,10.5,2.27303028283098,8.5,4.45346307196246
417,0.5,1.58113883008419,10.5,2.27303028283098,8.5,4.45346307196246
418,0.5,1.58113883008419,10.5,2.27303028283098,8.5,4.45346307196246
419,0.5,1.58113883008419,10.5,2.27303028283098,8.5,4.45346307196246
420,0.5,1.58113883008419,10.5,2.27303028283098,8.5,4.45346307196246
421,0.5,1.58113883008419,10.5,2.27303028283098,8.5,4.45346307196246
422,0.5,1.58113883008419,10.5,2.27303028283098,8.5,4.45346307196246
423,0.5,1.58113883008419,10.5,2.27303028283098,8.5,4.45346307196246
424,0.5,1.58113883008419,10.5,2.27303028283098,8.5,4.45346307196246
425,0.5,1.58113883008419,10.5,2.27303028283098,8.5,4.45346307196246
426,0.5,1.58113883008419,10.5,2.27303028283098,8.5,4.45346307196246
427,0.5,1.58113883008419,10.5,2.27303028283098,8.5,4.45346307196246
428,0.5,1.58113883008419,10.5,2.27303028283098,8.5,4.45346307196246
429,0.5,1.58113883008419,10.5,2.27303028283098,8.5,4.45346307196246
430,0.5,1.58113883008419,10.5,2.27303028283098,8.5,4.45346307196246
431,0.5,1.58113883008419,10.5,2.27303028283098,8.5,4.45346307196246
432,0.5,1.58113883008419,10.5,2.27303028283098,8.5,4.45346307196246
433,0.5,1.58113883008419,10.5,2.27303028283098,8.5,4.45346307196246
434,0.5,1.58113883008419,10.5,2.27303028283098,8.5,4.45346307196246
435,0.5,1.58113883008419,10.5,2.27303028283098,8.5,4.45346307196246
436,0.5,1.58113883008419,10.5,2.27303028283098,8.5,4.45346307196246
437,0.5,1.58113883008419,10.5,2.27303028283098,8.5,4.45346307196246
438,0.5,1.58113883008419,10.5,2.27303028283098,8.5,4.45346307196246
439,0.5,1.58113883008419,10.5,2.27303028283098,8.5,4.45346307196246
440,0.5,1.58113883008419,10.5,2.27303028283098,8.5,4.45346307196246
441,0.5,1.58113883008419,10.5,2.27303028283098,8.5,4.45346307196246
442,0.5,1.58113883008419,10.5,2.27303028283098,8.5,4.45346307196246
443,0.5,1.58113883008419,10.5,2.27303028283098,8.5,4.45346307196246
444,0.5,1.58113883008419,10.5,2.27303028283098,8.5,4.45346307196246
445,0.5,1.58113883008419,10.5,2.27303028283098,8.5,4.45346307196246
446,0.5,1.58113883008419,10.5,2.27303028283098,8.5,4.45346307196246
447,0.5,1.58113883008419,10.5,2.27303028283098,8.5,4.45346307196246
448,0.5,1.58113883008419,10.5,2.27303028283098,8.5,4.45346307196246
449,0.5,1.58113883008419,10.5,2.27303028283098,8.5,4.45346307196246
450,0.5,1.58113883008419,10.5,2.27303028283098,8.5,4.45346307196246
451,0.5,1.58113883008419,10.5,2.27303028283098,8.5,4.45346307196246
452,0.5,1.58113883008419,10.5,2.27303028283098,8.5,4.45346307196246
453,0.5,1.58113883008419,10.5,2.27303028283098,8.5,4.45346307196246
454,0.5,1.58113883008419,10.5,2.27303028283098,8.5,4.45346307196246
455,0.5,1.58113883008419,10.5,2.27303028283098,8.5,4.45346307196246
456,0.5,1.58113883008419,10.5,2.27303028283098,8.5,4.45346307196246
457,0.5,1.58113883008419,10.5,2.27303028283098,8.5,4.45346307196246
458,0.5,1.58113883008419,10.5,2.27303028283098,8.5,4.45346307196246
459,0.5,1.58113883008419,10.5,2.27303028283098,8.5,4.45346307196246
460,0.5,1.58113883008419,10.5,2.27303028283098,8.5,4.45346307196246
461,0.5,1.58113883008419,10.5,2.27303028283098,8.5,4.45346307196246
462,0.5,1.58113883008419,10.5,2.27303028283098,8.5,4.45346307196246
463,0.5,1.58113883008419,10.5,2.27303028283098,8.5,4.45346307196246
464,0.5,1.58113883008419,10.5,2.27303028283098,8.5,4.45346307196246
465,0.5,1.58113883008419,10.5,2.27303028283098,8.5,4.45346307196246
466,0.5,1.58113883008419,10.5,2.27303028283098,8.5,4.45346307196246
467,0.5,1.58113883008419,10.5,2.27303028283098,8.5,4.45346307196246
468,0.5,1.58113883008419,10.5,2.27303028283098,8.5,4.45346307196246
469,0.5,1.58113883008419,10.5,2.27303028283098,8.5,4.45346307196246
470,0.5,1.58113883008419,10.5,2.27303028283098,8.5,4.45346307196246
471,0.5,1.58113883008419,10.5,2.27303028283098,8.4,4.47710223743488
472,0.5,1.58113883008419,10.5,2.27303028283098,8.4,4.47710223743488
473,0.5,1.58113883008419,10.5,2.27303028283098,8.4,4.47710223743488
474,0.5,1.58113883008419,10.5,2.27303028283098,8.4,4.47710223743488
475,0.5,1.58113883008419,10.5,2.27303028283098,8.4,4.47710223743488
476,0.5,1.58113883008419,10.5,2.27303028283098,8.4,4.47710223743488
477,0.5,1.58113883008419,10.5,2.27303028283098,8.4,4.47710223743488
478,0.5,1.58113883008419,10.5,2.27303028283098,8.4,4.47710223743488
479,0.5,1.58113883008419,10.5,2.27303028283098,8.4,4.47710223743488
480,0.5,1.58113883008419,10.5,2.27303028283098,8.4,4.47710223743488
481,0.5,1.58113883008419,10.5,2.27303028283098,8.4,4.47710223743488
482,0.5,1.58113883008419,10.5,2.27303028283098,8.4,4.47710223743488
483,0.5,1.58113883008419,10.5,2.27303028283098,8.4,4.47710223743488
484,0.5,1.58113883008419,10.5,2.27303028283098,8.4,4.47710223743488
485,0.5,1.58113883008419,10.5,2.27303028283098,8.4,4.47710223743488
486,0.5,1.58113883008419,10.5,2.27303028283098,8.4,4.47710223743488
487,0.5,1.58113883008419,10.5,2.27303028283098,8.4,4.47710223743488
488,0.5,1.58113883008419,10.5,2.27303028283098,8.4,4.47710223743488
489,0.5,1.58113883008419,10.5,2.27303028283098,8.4,4.47710223743488
490,0.5,1.58113883008419,10.5,2.27303028283098,8.4,4.47710223743488
491,0.5,1.58113883008419,10.5,2.27303028283098,8.4,4.47710223743488
492,0.5,1.58113883008419,10.5,2.27303028283098,8.4,4.47710223743488
493,0.5,1.58113883008419,10.5,2.27303028283098,8.4,4.47710223743488
494,0.5,1.58113883008419,10.5,2.27303028283098,8.4,4.47710223743488
495,0.5,1.58113883008419,10.5,2.27303028283098,8.4,4.47710223743488
496,0.5,1.58113883008419,10.5,2.27303028283098,8.4,4.47710223743488
497,0.5,1.58113883008419,10.5,2.27303028283098,8.4,4.47710223743488
498,0.5,1.58113883008419,10.5,2.27303028283098,8.4,4.47710223743488
499,0.5,1.58113883008419,10.5,2.27303028283098,8.4,4.47710223743488
500,0.5,1.58113883008419,10.5,2.27303028283098,8.4,4.47710223743488
501,0.5,1.58113883008419,10.5,2.27303028283098,8.4,4.47710223743488
502,0.5,1.58113883008419,10.5,2.27303028283098,8.4,4.47710223743488
503,0.5,1.58113883008419,10.5,2.27303028283098,8.4,4.47710223743488
504,0.5,1.58113883008419,10.5,2.27303028283098,8.4,4.47710223743488
505,0.5,1.58113883008419,10.5,2.27303028283098,8.4,4.47710223743488
506,0.5,1.58113883008419,10.5,2.27303028283098,8.4,4.47710223743488
507,0.5,1.58113883008419,10.5,2.27303028283098,8.4,4.47710223743488
508,0.5,1.58113883008419,10.5,2.27303028283098,8.4,4.47710223743488
509,0.5,1.58113883008419,10.5,2.27303028283098,8.4,4.47710223743488
510,0.5,1.58113883008419,10.5,2.27303028283098,8.4,4.47710223743488
511,0.5,1.58113883008419,10.5,2.27303028283098,8.4,4.47710223743488
512,0.5,1.58113883008419,10.5,2.27303028283098,8.4,4.47710223743488
513,0.5,1.58113883008419,10.5,2.27303028283098,8.4,4.47710223743488
514,0.5,1.58113883008419,10.5,2.27303028283098,8.4,4.47710223743488
515,0.5,1.58113883008419,10.5,2.27303028283098,8.4,4.47710223743488
516,0.5,1.58113883008419,10.5,2.27303028283098,8.4,4.47710223743488
517,0.5,1.58113883008419,10.5,2.27303028283098,8.4,4.47710223743488
518,0.5,1.58113883008419,10.5,2.27303028283098,8.4,4.47710223743488
519,0.5,1.58113883008419,10.5,2.27303028283098,8.4,4.47710223743488
520,0.5,1.58113883008419,10.5,2.27303028283098,8.4,4.47710223743488
521,0.5,1.58113883008419,10.5,2.27303028283098,8.4,4.47710223743488
522,0.5,1.58113883008419,10.5,2.27303028283098,8.4,4.47710223743488
523,0.5,1.58113883008419,10.5,2.27303028283098,8.3,4.5227818381562
524,0.5,1.58113883008419,10.5,2.27303028283098,8.3,4.5227818381562
525,0.5,1.58113883008419,10.5,2.27303028283098,8.3,4.5227818381562
526,0.5,1.58113883008419,10.5,2.27303028283098,8.3,4.5227818381562
527,0.5,1.58113883008419,10.5,2.27303028283098,8.3,4.5227818381562
528,0.5,1.58113883008419,10.5,2.27303028283098,8.3,4.5227818381562
529,0.5,1.58113883008419,10.5,2.27303028283098,8.3,4.5227818381562
530,0.5,1.58113883008419,10.5,2.27303028283098,8.3,4.5227818381562
531,0.5,1.58113883008419,10.5,2.27303028283098,8.3,4.5227818381562
532,0.5,1.58113883008419,10.5,2.27303028283098,8.3,4.5227818381562
533,0.5,1.58113883008419,10.5,2.27303028283098,8.3,4.5227818381562
534,0.5,1.58113883008419,10.5,2.27303028283098,8.3,4.5227818381562
535,0.5,1.58113883008419,10.5,2.27303028283098,7.9,4.62961481479111
536,0.5,1.58113883008419,10.5,2.27303028283098,7.9,4.62961481479111
537,0.5,1.58113883008419,10.5,2.27303028283098,7.9,4.62961481479111
538,0.5,1.58113883008419,10.5,2.27303028283098,7.8,4.68567557088149
539,0.5,1.58113883008419,10.5,2.27303028283098,7.8,4.68567557088149
540,0.5,1.58113883008419,10.5,2.27303028283098,7.8,4.68567557088149
541,0.5,1.58113883008419,10.5,2.27303028283098,7.8,4.68567557088149
542,0.5,1.58113883008419,10.5,2.27303028283098,7.8,4.68567557088149
543,0.5,1.58113883008419,10.5,2.27303028283098,7.8,4.68567557088149
544,0.5,1.58113883008419,10.5,2.27303028283098,7.8,4.68567557088149
545,0.5,1.58113883008419,10.5,2.27303028283098,7.8,4.68567557088149
546,0.5,1.58113883008419,10.5,2.27303028283098,7.8,4.68567557088149
547,0.5,1.58113883008419,10.5,2.27303028283098,7.8,4.68567557088149
548,0.5,1.58113883008419,10.5,2.27303028283098,7.8,4.68567557088149
549,0.5,1.58113883008419,10.5,2.27303028283098,7.8,4.68567557088149
550,0.5,1.58113883008419,10.5,2.27303028283098,7.8,4.68567557088149
551,0.5,1.58113883008419,10.5,2.27303028283098,7.8,4.68567557088149
552,0.5,1.58113883008419,10.5,2.27303028283098,7.8,4.68567557088149
553,0.5,1.58113883008419,10.5,2.27303028283098,7.8,4.68567557088149
554,0.5,1.58113883008419,10.4,2.50333111406914,7.8,4.68567557088149
555,0.5,1.58113883008419,10.4,2.50333111406914,7.8,4.68567557088149
556,0.5,1.58113883008419,10.4,2.50333111406914,7.8,4.68567557088149
557,0.5,1.58113883008419,10.4,2.50333111406914,7.8,4.68567557088149
558,0.5,1.58113883008419,10.4,2.50333111406914,7.8,4.68567557088149
559,0.5,1.58113883008419,10.4,2.50333111406914,7.8,4.68567557088149
560,0.5,1.58113883008419,10.4,2.50333111406914,7.8,4.68567557088149
561,0.5,1.58113883008419,10.4,2.50333111406914,7.8,4.68567557088149
562,0.5,1.58113883008419,10.4,2.50333111406914,7.7,4.76211904279784
563,0.5,1.58113883008419,10.4,2.50333111406914,7.6,4.88080139139283
564,0.5,1.58113883008419,10.4,2.50333111406914,7.6,4.88080139139283
565,0.5,1.58113883008419,10.4,2.50333111406914,7.6,4.88080139139283
566,0.5,1.58113883008419,10.4,2.50333111406914,7.6,4.88080139139283
567,0.5,1.58113883008419,10.4,2.50333111406914,7.6,4.88080139139283
568,0.5,1.58113883008419,10.4,2.50333111406914,7.6,4.88080139139283
569,0.5,1.58113883008419,10.4,2.50333111406914,7.6,4.88080139139283
570,0.5,1.58113883008419,10.4,2.50333111406914,7.6,4.88080139139283
571,0.5,1.58113883008419,10.4,2.50333111406914,7.6,4.88080139139283
572,0.5,1.58113883008419,10.4,2.50333111406914,7.6,4.88080139139283
573,0.5,1.58113883008419,10.4,2.50333111406914,7.6,4.88080139139283
574,0.5,1.58113883008419,10.4,2.50333111406914,7.6,4.88080139139283
575,0.5,1.58113883008419,10.4,2.50333111406914,7.6,4.88080139139283
576,0.5,1.58113883008419,10.4,2.50333111406914,7.6,4.88080139139283
577,0.5,1.58113883008419,10.4,2.50333111406914,7.6,4.88080139139283
578,0.5,1.58113883008419,10.4,2.50333111406914,7.6,4.88080139139283
579,0.5,1.58113883008419,10.4,2.50333111406914,7.6,4.88080139139283
580,0.5,1.58113883008419,10.4,2.50333111406914,7.6,4.88080139139283
581,0.5,1.58113883008419,10.4,2.50333111406914,7.6,4.88080139139283
582,0.5,1.58113883008419,10.4,2.50333111406914,7.6,4.88080139139283
583,0.5,1.58113883008419,10.4,2.50333111406914,7.6,4.88080139139283
584,0.5,1.58113883008419,10.4,2.50333111406914,7.6,4.88080139139283
585,0.5,1.58113883008419,10.4,2.50333111406914,7.6,4.88080139139283
586,0.5,1.58113883008419,10.4,2.50333111406914,7.6,4.88080139139283
587,0.5,1.58113883008419,10.4,2.50333111406914,7.6,4.88080139139283
588,0.5,1.58113883008419,10.4,2.50333111406914,7.6,4.88080139139283
589,0.5,1.58113883008419,10.4,2.50333111406914,7.6,4.88080139139283
590,0.5,1.58113883008419,10.4,2.50333111406914,7.6,4.88080139139283
591,0.5,1.58113883008419,10.4,2.50333111406914,7.6,4.88080139139283
592,0.5,1.58113883008419,10.4,2.50333111406914,7.6,4.88080139139283
593,0.5,1.58113883008419,10.4,2.50333111406914,7.6,4.88080139139283
594,0.5,1.58113883008419,10.4,2.50333111406914,7.6,4.88080139139283
595,0.5,1.58113883008419,10.4,2.50333111406914,7.6,4.88080139139283
596,0.5,1.58113883008419,10.4,2.50333111406914,7.6,4.88080139139283
597,0.5,1.58113883008419,10.4,2.50333111406914,7.6,4.88080139139283
598,0.5,1.58113883008419,10.4,2.50333111406914,7.6,4.88080139139283
599,0.5,1.58113883008419,10.4,2.50333111406914,7.6,4.88080139139283
600,0.5,1.58113883008419,10.4,2.50333111406914,7.6,4.88080139139283
601,0.5,1.58113883008419,10.4,2.50333111406914,7.6,4.88080139139283
602,0.5,1.58113883008419,10.4,2.50333111406914,7.6,4.88080139139283
603,0.5,1.58113883008419,10.4,2.50333111406914,7.6,4.88080139139283
604,0.5,1.58113883008419,10.4,2.50333111406914,7.6,4.88080139139283
605,0.5,1.58113883008419,10.4,2.50333111406914,7.6,4.88080139139283
606,0.5,1.58113883008419,10.4,2.50333111406914,7.6,4.88080139139283
607,0.5,1.58113883008419,10.4,2.50333111406914,7.6,4.88080139139283
608,0.5,1.58113883008419,10.4,2.50333111406914,7.6,4.88080139139283
609,0.5,1.58113883008419,10.4,2.50333111406914,7.6,4.88080139139283
610,0.5,1.58113883008419,10.4,2.50333111406914,7.6,4.88080139139283
611,0.5,1.58113883008419,10.4,2.50333111406914,7.6,4.88080139139283
612,0.5,1.58113883008419,10.4,2.50333111406914,7.6,4.88080139139283
613,0.5,1.58113883008419,10.4,2.50333111406914,7.6,4.88080139139283
614,0.5,1.58113883008419,10.4,2.50333111406914,7.5,4.97214463005877
615,0.5,1.58113883008419,10.4,2.50333111406914,7.5,4.97214463005877
616,0.5,1.58113883008419,10.4,2.50333111406914,7.5,4.97214463005877
617,0.5,1.58113883008419,10.4,2.50333111406914,7.5,4.97214463005877
618,0.5,1.58113883008419,10.4,2.50333111406914,7.5,4.97214463005877
619,0.5,1.58113883008419,10.4,2.50333111406914,7.5,4.97214463005877
620,0.5,1.58113883008419,10.4,2.50333111406914,7.5,4.97214463005877
621,0.5,1.58113883008419,10.4,2.50333111406914,7.5,4.97214463005877
622,0.5,1.58113883008419,10.4,2.50333111406914,7.5,4.97214463005877
623,0.5,1.58113883008419,10.4,2.50333111406914,7.5,4.97214463005877
624,0.5,1.58113883008419,10.4,2.50333111406914,7.5,4.97214463005877
625,0.5,1.58113883008419,10.4,2.50333111406914,7.5,4.97214463005877
626,0.5,1.58113883008419,10.4,2.50333111406914,7.5,4.97214463005877
627,0.5,1.58113883008419,10.4,2.50333111406914,7.5,4.97214463005877
628,0.5,1.58113883008419,10.4,2.50333111406914,7.5,4.97214463005877
629,0.5,1.58113883008419,10.4,2.50333111406914,7.5,4.97214463005877
630,0.5,1.58113883008419,10.4,2.50333111406914,7.5,4.97214463005877
631,0.5,1.58113883008419,10.4,2.50333111406914,7.5,4.97214463005877
632,0.5,1.58113883008419,10.4,2.50333111406914,7.5,4.97214463005877
633,0.5,1.58113883008419,10.4,2.50333111406914,7.5,4.97214463005877
634,0.5,1.58113883008419,10.4,2.50333111406914,7.5,4.97214463005877
635,0.5,1.58113883008419,10.4,2.50333111406914,7.5,4.97214463005877
636,0.5,1.58113883008419,10.4,2.50333111406914,7.5,4.97214463005877
637,0.5,1.58113883008419,10.4,2.50333111406914,7.5,4.97214463005877
638,0.5,1.58113883008419,10.4,2.50333111406914,7.5,4.97214463005877
639,0.5,1.58113883008419,10.4,2.50333111406914,7.5,4.97214463005877
640,0.5,1.58113883008419,10.4,2.50333111406914,7.5,4.97214463005877
641,0.5,1.58113883008419,10.4,2.50333111406914,7.5,4.97214463005877
642,0.5,1.58113883008419,10.4,2.50333111406914,7.5,4.97214463005877
643,0.5,1.58113883008419,10.4,2.50333111406914,7.5,4.97214463005877
644,0.5,1.58113883008419,10.4,2.50333111406914,7.5,4.97214463005877
645,0.5,1.58113883008419,10.4,2.50333111406914,7.5,4.97214463005877
646,0.5,1.58113883008419,10.4,2.50333111406914,7.5,4.97214463005877
647,0.5,1.58113883008419,10.4,2.50333111406914,7.5,4.97214463005877
648,0.5,1.58113883008419,10.4,2.50333111406914,7.5,4.97214463005877
649,0.5,1.58113883008419,10.4,2.50333111406914,7.5,4.97214463005877
650,0.5,1.58113883008419,10.4,2.50333111406914,7.5,4.97214463005877
651,0.5,1.58113883008419,10.4,2.50333111406914,7.5,4.97214463005877
652,0.5,1.58113883008419,10.4,2.50333111406914,7.5,4.97214463005877
653,0.5,1.58113883008419,10.4,2.50333111406914,7.5,4.97214463005877
654,0.5,1.58113883008419,10.4,2.50333111406914,7.5,4.97214463005877
655,0.5,1.58113883008419,10.4,2.50333111406914,7.5,4.97214463005877
656,0.5,1.58113883008419,10.4,2.50333111406914,7.5,4.97214463005877
657,0.5,1.58113883008419,10.4,2.50333111406914,7.5,4.97214463005877
658,0.5,1.58113883008419,10.4,2.50333111406914,7.5,4.97214463005877
659,0.5,1.58113883008419,10.4,2.50333111406914,7.5,4.97214463005877
660,0.5,1.58113883008419,10.4,2.50333111406914,7.5,4.97214463005877
661,0.5,1.58113883008419,10.4,2.50333111406914,7.5,4.97214463005877
662,0.5,1.58113883008419,10.4,2.50333111406914,7.5,4.97214463005877
663,0.5,1.58113883008419,10.4,2.50333111406914,7.5,4.97214463005877
664,0.5,1.58113883008419,10.4,2.50333111406914,7.5,4.97214463005877
665,0.5,1.58113883008419,10.3,2.75075747143703,7.5,4.97214463005877
666,0.5,1.58113883008419,10.3,2.75075747143703,7.5,4.97214463005877
667,0.5,1.58113883008419,10.3,2.75075747143703,7.5,4.97214463005877
668,0.5,1.58113883008419,10.3,2.75075747143703,7.5,4.97214463005877
669,0.5,1.58113883008419,10.3,2.75075747143703,7.5,4.97214463005877
670,0.5,1.58113883008419,10.3,2.75075747143703,7.4,5.03763612995002
671,0.5,1.58113883008419,10.3,2.75075747143703,7.4,5.03763612995002
672,0.5,1.58113883008419,10.3,2.75075747143703,7.4,5.03763612995002
673,0.5,1.58113883008419,10.3,2.75075747143703,7.4,5.03763612995002
674,0.5,1.58113883008419,10.3,2.75075747143703,7.4,5.03763612995002
675,0.5,1.58113883008419,10.3,2.75075747143703,7.4,5.03763612995002
676,0.5,1.58113883008419,10.3,2.75075747143703,7.4,5.03763612995002
677,0.5,1.58113883008419,10.3,2.75075747143703,7.4,5.03763612995002
678,0.5,1.58113883008419,10.3,2.75075747143703,7.4,5.03763612995002
679,0.5,1.58113883008419,10.3,2.75075747143703,7.4,5.03763612995002
680,0.5,1.58113883008419,10.3,2.75075747143703,7.4,5.03763612995002
681,0.5,1.58113883008419,10.3,2.75075747143703,7.4,5.03763612995002
682,0.5,1.58113883008419,10.3,2.75075747143703,7.4,5.03763612995002
683,0.5,1.58113883008419,10.3,2.75075747143703,7.4,5.03763612995002
684,0.5,1.58113883008419,10.3,2.75075747143703,7.4,5.03763612995002
685,0.5,1.58113883008419,10.3,2.75075747143703,7.4,5.03763612995002
686,0.5,1.58113883008419,10.3,2.75075747143703,7.4,5.03763612995002
687,0.5,1.58113883008419,10.3,2.75075747143703,7.4,5.03763612995002
688,0.5,1.58113883008419,10.3,2.75075747143703,7.4,5.03763612995002
689,0.5,1.58113883008419,10.3,2.75075747143703,7.4,5.03763612995002
690,0.5,1.58113883008419,10.3,2.75075747143703,7.4,5.03763612995002
691,0.5,1.58113883008419,10.3,2.75075747143703,7.4,5.03763612995002
692,0.5,1.58113883008419,10.3,2.75075747143703,7.4,5.03763612995002
693,0.5,1.58113883008419,10.3,2.75075747143703,7.4,5.03763612995002
694,0.5,1.58113883008419,10.3,2.75075747143703,7.4,5.03763612995002
695,0.5,1.58113883008419,10.3,2.75075747143703,7.4,5.03763612995002
696,0.5,1.58113883008419,10.3,2.75075747143703,7.4,5.03763612995002
697,0.5,1.58113883008419,10.3,2.75075747143703,7.4,5.03763612995002
698,0.5,1.58113883008419,10.3,2.75075747143703,7.4,5.03763612995002
699,0.5,1.58113883008419,10.3,2.75075747143703,7.4,5.03763612995002
700,0.5,1.58113883008419,10.3,2.75075747143703,7.4,5.03763612995002
701,0.5,1.58113883008419,10.3,2.75075747143703,7.4,5.03763612995002
702,0.5,1.58113883008419,10.3,2.75075747143703,7.4,5.03763612995002
703,0.5,1.58113883008419,10.3,2.75075747143703,7.4,5.03763612995002
704,0.5,1.58113883008419,10.3,2.75075747143703,7.4,5.03763612995002
705,0.5,1.58113883008419,10.3,2.75075747143703,7.4,5.03763612995002
706,0.5,1.58113883008419,10.3,2.75075747143703,7.4,5.03763612995002
707,0.5,1.58113883008419,10.3,2.75075747143703,7.4,5.03763612995002
708,0.5,1.58113883008419,10.3,2.75075747143703,7.4,5.03763612995002
709,0.5,1.58113883008419,10.3,2.75075747143703,7.4,5.03763612995002
710,0.5,1.58113883008419,10.3,2.75075747143703,7.4,5.03763612995002
711,0.5,1.58113883008419,10.3,2.75075747143703,7.4,5.03763612995002
712,0.5,1.58113883008419,10.3,2.75075747143703,7.4,5.03763612995002
713,0.5,1.58113883008419,10.3,2.75075747143703,7.4,5.03763612995002
714,0.5,1.58113883008419,10.3,2.75075747143703,7.4,5.03763612995002
715,0.5,1.58113883008419,10.3,2.75075747143703,7.4,5.03763612995002
716,0.5,1.58113883008419,10.3,2.75075747143703,7.4,5.03763612995002
717,0.5,1.58113883008419,10.3,2.75075747143703,7.4,5.03763612995002
718,0.5,1.58113883008419,10.3,2.75075747143703,7.4,5.03763612995002
719,0.5,1.58113883008419,10.3,2.75075747143703,7.4,5.03763612995002
720,0.5,1.58113883008419,10.3,2.75075747143703,7.4,5.03763612995002
721,0.5,1.58113883008419,10.3,2.75075747143703,7.4,5.03763612995002
722,0.5,1.58113883008419,10.3,2.75075747143703,7.4,5.03763612995002
723,0.5,1.58113883008419,10.3,2.75075747143703,7.4,5.03763612995002
724,0.5,1.58113883008419,10.2,3.01109061083632,7.4,5.03763612995002
725,0.5,1.58113883008419,10.2,3.01109061083632,7.4,5.03763612995002
726,0.5,1.58113883008419,10.2,3.01109061083632,7.4,5.03763612995002
727,0.5,1.58113883008419,10.2,3.01109061083632,7.4,5.03763612995002
728,0.5,1.58113883008419,10.2,3.01109061083632,7.4,5.03763612995002
729,0.5,1.58113883008419,10.2,3.01109061083632,7.4,5.03763612995002
730,0.5,1.58113883008419,10.2,3.01109061083632,7.4,5.03763612995002
731,0.5,1.58113883008419,10.2,3.01109061083632,7.4,5.03763612995002
732,0.5,1.58113883008419,10.2,3.01109061083632,7.4,5.03763612995002
733,0.5,1.58113883008419,10.2,3.01109061083632,7.4,5.03763612995002
734,0.5,1.58113883008419,10.2,3.01109061083632,7.4,5.03763612995002
735,0.5,1.58113883008419,10.2,3.01109061083632,7.4,5.03763612995002
736,0.5,1.58113883008419,10.2,3.01109061083632,7.4,5.03763612995002
737,0.5,1.58113883008419,10.2,3.01109061083632,7.4,5.03763612995002
738,0.5,1.58113883008419,10.2,3.01109061083632,7.4,5.03763612995002
739,0.5,1.58113883008419,10.2,3.01109061083632,7.4,5.03763612995002
740,0.5,1.58113883008419,10.2,3.01109061083632,7.4,5.03763612995002
741,0.5,1.58113883008419,10.2,3.01109061083632,7.4,5.03763612995002
742,0.5,1.58113883008419,10.2,3.01109061083632,7.4,5.03763612995002
743,0.5,1.58113883008419,10.2,3.01109061083632,7.4,5.03763612995002
744,0.5,1.58113883008419,10.2,3.01109061083632,7.4,5.03763612995002
745,0.5,1.58113883008419,10.2,3.01109061083632,7.4,5.03763612995002
746,0.5,1.58113883008419,10.2,3.01109061083632,7.4,5.03763612995002
747,0.5,1.58113883008419,10.2,3.01109061083632,7.4,5.03763612995002
748,0.5,1.58113883008419,10.2,3.01109061083632,7.4,5.03763612995002
749,0.5,1.58113883008419,10.2,3.01109061083632,7.4,5.03763612995002
750,0.5,1.58113883008419,10.2,3.01109061083632,7.4,5.03763612995002
751,0.5,1.58113883008419,10.2,3.01109061083632,7.4,5.03763612995002
752,0.5,1.58113883008419,10.2,3.01109061083632,7.4,5.03763612995002
753,0.5,1.58113883008419,10.2,3.01109061083632,7.4,5.03763612995002
754,0.5,1.58113883008419,10.2,3.01109061083632,7.4,5.03763612995002
755,0.5,1.58113883008419,10.2,3.01109061083632,7.4,5.03763612995002
756,0.5,1.58113883008419,10.2,3.01109061083632,7.4,5.03763612995002
757,0.5,1.58113883008419,10.2,3.01109061083632,7.4,5.03763612995002
758,0.5,1.58113883008419,10.2,3.01109061083632,7.4,5.03763612995002
759,0.5,1.58113883008419,10.2,3.01109061083632,7.4,5.03763612995002
760,0.5,1.58113883008419,10.2,3.01109061083632,7.4,5.03763612995002
761,0.5,1.58113883008419,10.2,3.01109061083632,7.3,5.1218486246016
762,0.5,1.58113883008419,10.2,3.01109061083632,7.3,5.1218486246016
763,0.5,1.58113883008419,10.2,3.01109061083632,7.3,5.1218486246016
764,0.5,1.58113883008419,10.2,3.01109061083632,7.3,5.1218486246016
765,0.5,1.58113883008419,10.2,3.01109061083632,7.3,5.1218486246016
766,0.5,1.58113883008419,10.2,3.01109061083632,7.3,5.1218486246016
767,0.5,1.58113883008419,10.2,3.01109061083632,7.3,5.1218486246016
768,0.5,1.58113883008419,10.2,3.01109061083632,7.3,5.1218486246016
769,0.5,1.58113883008419,10.2,3.01109061083632,7.3,5.1218486246016
770,0.5,1.58113883008419,10.2,3.01109061083632,7.3,5.1218486246016
771,0.5,1.58113883008419,10.2,3.01109061083632,7.3,5.1218486246016
772,0.5,1.58113883008419,10.2,3.01109061083632,7.2,5.20256347070045
773,0.5,1.58113883008419,10.2,3.01109061083632,7.2,5.20256347070045
774,0.5,1.58113883008419,10.2,3.01109061083632,7.2,5.20256347070045
775,0.5,1.58113883008419,10.2,3.01109061083632,7.2,5.20256347070045
776,0.5,1.58113883008419,10.2,3.01109061083632,7.2,5.20256347070045
777,0.5,1.58113883008419,10.2,3.01109061083632,7.2,5.20256347070045
778,0.5,1.58113883008419,10.2,3.01109061083632,7.2,5.20256347070045
779,0.5,1.58113883008419,10.2,3.01109061083632,7.2,5.20256347070045
780,0.5,1.58113883008419,10.2,3.01109061083632,7.2,5.20256347070045
781,0.5,1.58113883008419,10.2,3.01109061083632,7.2,5.20256347070045
782,0.5,1.58113883008419,10.2,3.01109061083632,7.2,5.20256347070045
783,0.5,1.58113883008419,10.2,3.01109061083632,7.2,5.20256347070045
784,0.5,1.58113883008419,10.2,3.01109061083632,7.2,5.20256347070045
785,0.5,1.58113883008419,10.2,3.01109061083632,7.2,5.20256347070045
786,0.5,1.58113883008419,10.2,3.01109061083632,7.2,5.20256347070045
787,0.5,1.58113883008419,10.2,3.01109061083632,7.2,5.20256347070045
788,0.5,1.58113883008419,10.2,3.01109061083632,7.2,5.20256347070045
789,0.5,1.58113883008419,10.2,3.01109061083632,7.2,5.20256347070045
790,0.5,1.58113883008419,10.2,3.01109061083632,7.2,5.20256347070045
791,0.5,1.58113883008419,10.2,3.01109061083632,7.2,5.20256347070045
792,0.5,1.58113883008419,10.2,3.01109061083632,7.2,5.20256347070045
793,0.5,1.58113883008419,10.2,3.01109061083632,7.2,5.20256347070045
794,0.5,1.58113883008419,10.2,3.01109061083632,7.2,5.20256347070045
795,0.5,1.58113883008419,10.2,3.01109061083632,7.2,5.20256347070045
796,0.5,1.58113883008419,10.2,3.01109061083632,7.2,5.20256347070045
797,0.5,1.58113883008419,10.2,3.01109061083632,7.2,5.20256347070045
798,0.5,1.58113883008419,10.2,3.01109061083632,7.2,5.20256347070045
799,0.5,1.58113883008419,10.2,3.01109061083632,7.2,5.20256347070045
800,0.5,1.58113883008419,10.2,3.01109061083632,7.2,5.20256347070045
801,0.5,1.58113883008419,10.2,3.01109061083632,7.2,5.20256347070045
802,0.5,1.58113883008419,10.2,3.01109061083632,7.2,5.20256347070045
803,0.5,1.58113883008419,10.2,3.01109061083632,7.2,5.20256347070045
804,0.5,1.58113883008419,10.2,3.01109061083632,7.2,5.20256347070045
805,0.5,1.58113883008419,10.2,3.01109061083632,7.2,5.20256347070045
806,0.5,1.58113883008419,10.2,3.01109061083632,7.2,5.20256347070045
807,0.5,1.58113883008419,10.2,3.01109061083632,7.2,5.20256347070045
808,0.5,1.58113883008419,10.2,3.01109061083632,7.2,5.20256347070045
809,0.5,1.58113883008419,10.2,3.01109061083632,7.2,5.20256347070045
810,0.5,1.58113883008419,10.2,3.01109061083632,7.2,5.20256347070045
811,0.5,1.58113883008419,10.2,3.01109061083632,7.2,5.20256347070045
812,0.5,1.58113883008419,10.2,3.01109061083632,7.2,5.20256347070045
813,0.5,1.58113883008419,10.2,3.01109061083632,7.2,5.20256347070045
814,0.5,1.58113883008419,10.2,3.01109061083632,7.2,5.20256347070045
815,0.5,1.58113883008419,10.2,3.01109061083632,7.2,5.20256347070045
816,0.5,1.58113883008419,10.2,3.01109061083632,7.2,5.20256347070045
817,0.5,1.58113883008419,10.2,3.01109061083632,7.2,5.20256347070045
818,0.5,1.58113883008419,10.2,3.01109061083632,7.2,5.20256347070045
819,0.5,1.58113883008419,10.2,3.01109061083632,7.2,5.20256347070045
820,0.5,1.58113883008419,10.2,3.01109061083632,7.2,5.20256347070045
821,0.5,1.58113883008419,10.2,3.01109061083632,7.2,5.20256347070045
822,0.5,1.58113883008419,10.2,3.01109061083632,7.2,5.20256347070045
823,0.5,1.58113883008419,10.2,3.01109061083632,7.2,5.20256347070045
824,0.5,1.58113883008419,10.2,3.01109061083632,7.2,5.20256347070045
825,0.5,1.58113883008419,10.2,3.01109061083632,7.2,5.20256347070045
826,0.5,1.58113883008419,10.2,3.01109061083632,7.2,5.20256347070045
827,0.5,1.58113883008419,10.2,3.01109061083632,7.2,5.20256347070045
828,0.5,1.58113883008419,10.2,3.01109061083632,7.2,5.20256347070045
829,0.5,1.58113883008419,10.2,3.01109061083632,7.2,5.20256347070045
830,0.5,1.58113883008419,10.2,3.01109061083632,7.2,5.20256347070045
831,0.5,1.58113883008419,10.2,3.01109061083632,7.1,5.30094331227943
832,0.5,1.58113883008419,10.2,3.01109061083632,7.1,5.30094331227943
833,0.5,1.58113883008419,10.2,3.01109061083632,7.1,5.30094331227943
834,0.5,1.58113883008419,10.2,3.01109061083632,7.1,5.30094331227943
835,0.5,1.58113883008419,10.2,3.01109061083632,7.1,5.30094331227943
836,0.5,1.58113883008419,10.2,3.01109061083632,7.1,5.30094331227943
837,0.5,1.58113883008419,10.2,3.01109061083632,7.1,5.30094331227943
838,0.5,1.58113883008419,10.2,3.01109061083632,7.1,5.30094331227943
839,0.5,1.58113883008419,10.2,3.01109061083632,7.1,5.30094331227943
840,0.5,1.58113883008419,10.2,3.01109061083632,7.1,5.30094331227943
841,0.5,1.58113883008419,10.2,3.01109061083632,7.1,5.30094331227943
842,0.5,1.58113883008419,10.2,3.01109061083632,7.1,5.30094331227943
843,0.5,1.58113883008419,10.2,3.01109061083632,7.1,5.30094331227943
844,0.5,1.58113883008419,10.2,3.01109061083632,7.1,5.30094331227943
845,0.5,1.58113883008419,10.2,3.01109061083632,7.1,5.30094331227943
846,0.5,1.58113883008419,10.2,3.01109061083632,7.1,5.30094331227943
847,0.5,1.58113883008419,10.2,3.01109061083632,7.1,5.30094331227943
848,0.5,1.58113883008419,10.2,3.01109061083632,7.1,5.30094331227943
849,0.5,1.58113883008419,10.2,3.01109061083632,7.1,5.30094331227943
850,0.5,1.58113883008419,10.2,3.01109061083632,7.1,5.30094331227943
851,0.5,1.58113883008419,10.2,3.01109061083632,7.1,5.30094331227943
852,0.5,1.58113883008419,10.2,3.01109061083632,7.1,5.30094331227943
853,0.5,1.58113883008419,10.2,3.01109061083632,7.1,5.30094331227943
854,0.5,1.58113883008419,10.2,3.01109061083632,7.1,5.30094331227943
855,0.5,1.58113883008419,10.2,3.01109061083632,7.1,5.30094331227943
856,0.5,1.58113883008419,10.2,3.01109061083632,7.1,5.30094331227943
857,0.5,1.58113883008419,10.2,3.01109061083632,7.1,5.30094331227943
858,0.5,1.58113883008419,10.2,3.01109061083632,7.1,5.30094331227943
859,0.5,1.58113883008419,10.2,3.01109061083632,7.1,5.30094331227943
860,0.5,1.58113883008419,10.2,3.01109061083632,7.1,5.30094331227943
861,0.5,1.58113883008419,10.2,3.01109061083632,7.1,5.30094331227943
862,0.5,1.58113883008419,10.2,3.01109061083632,7.1,5.30094331227943
863,0.5,1.58113883008419,10.2,3.01109061083632,7.1,5.30094331227943
864,0.5,1.58113883008419,10.2,3.01109061083632,7.1,5.30094331227943
865,0.5,1.58113883008419,10.2,3.01109061083632,7.1,5.30094331227943
866,0.5,1.58113883008419,10.2,3.01109061083632,7.1,5.30094331227943
867,0.5,1.58113883008419,10.2,3.01109061083632,7.1,5.30094331227943
868,0.5,1.58113883008419,10.2,3.01109061083632,7.1,5.30094331227943
869,0.5,1.58113883008419,10.2,3.01109061083632,7.1,5.30094331227943
870,0.5,1.58113883008419,10.2,3.01109061083632,7.1,5.30094331227943
871,0.5,1.58113883008419,10.2,3.01109061083632,7.1,5.30094331227943
872,0.5,1.58113883008419,10.2,3.01109061083632,7.1,5.30094331227943
873,0.5,1.58113883008419,10.2,3.01109061083632,7.1,5.30094331227943
874,0.5,1.58113883008419,10.2,3.01109061083632,7.1,5.30094331227943
875,0.5,1.58113883008419,10.2,3.01109061083632,7.1,5.30094331227943
876,0.5,1.58113883008419,10.2,3.01109061083632,7.1,5.30094331227943
877,0.5,1.58113883008419,10.2,3.01109061083632,7.1,5.30094331227943
878,0.5,1.58113883008419,10.2,3.01109061083632,7.1,5.30094331227943
879,0.5,1.58113883008419,10.2,3.01109061083632,7.1,5.30094331227943
880,0.5,1.58113883008419,10.2,3.01109061083632,7.1,5.30094331227943
881,0.5,1.58113883008419,10.2,3.01109061083632,7.1,5.30094331227943
882,0.5,1.58113883008419,10.1,3.28125992061992,7.1,5.30094331227943
883,0.5,1.58113883008419,10.1,3.28125992061992,7.1,5.30094331227943
884,0.5,1.58113883008419,10.1,3.28125992061992,7.1,5.30094331227943
885,0.5,1.58113883008419,10.1,3.28125992061992,7.1,5.30094331227943
886,0.5,1.58113883008419,10.1,3.28125992061992,7.1,5.30094331227943
887,0.5,1.58113883008419,10.1,3.28125992061992,7.1,5.30094331227943
888,0.5,1.58113883008419,10.1,3.28125992061992,7.1,5.30094331227943
889,0.5,1.58113883008419,10.1,3.28125992061992,7.1,5.30094331227943
890,0.5,1.58113883008419,10.1,3.28125992061992,7.1,5.30094331227943
891,0.5,1.58113883008419,10.1,3.28125992061992,7.1,5.30094331227943
892,0.5,1.58113883008419,10.1,3.28125992061992,7.1,5.30094331227943
893,0.5,1.58113883008419,10.1,3.28125992061992,7.1,5.30094331227943
894,0.5,1.58113883008419,10.1,3.28125992061992,7.1,5.30094331227943
895,0.5,1.58113883008419,10.1,3.28125992061992,7.1,5.30094331227943
896,0.5,1.58113883008419,10.1,3.28125992061992,7.1,5.30094331227943
897,0.5,1.58113883008419,10.1,3.28125992061992,7,5.41602560309064
898,0.5,1.58113883008419,10.1,3.28125992061992,7,5.41602560309064
899,0.5,1.58113883008419,10.1,3.28125992061992,7,5.41602560309064
900,0.5,1.58113883008419,10.1,3.28125992061992,7,5.41602560309064
901,0.5,1.58113883008419,10.1,3.28125992061992,7,5.41602560309064
902,0.5,1.58113883008419,10.1,3.28125992061992,7,5.41602560309064
903,0.5,1.58113883008419,10.1,3.28125992061992,7,5.41602560309064
904,0.5,1.58113883008419,10.1,3.28125992061992,7,5.41602560309064
905,0.5,1.58113883008419,10.1,3.28125992061992,7,5.41602560309064
906,0.5,1.58113883008419,10.1,3.28125992061992,7,5.41602560309064
907,0.5,1.58113883008419,10.1,3.28125992061992,7,5.41602560309064
908,0.5,1.58113883008419,10.1,3.28125992061992,7,5.41602560309064
909,0.5,1.58113883008419,10.1,3.28125992061992,7,5.41602560309064
910,0.5,1.58113883008419,10.1,3.28125992061992,7,5.41602560309064
911,0.5,1.58113883008419,10.1,3.28125992061992,7,5.41602560309064
912,0.5,1.58113883008419,10.1,3.28125992061992,7,5.41602560309064
913,0.5,1.58113883008419,10.1,3.28125992061992,7,5.41602560309064
914,0.5,1.58113883008419,10.1,3.28125992061992,7,5.41602560309064
915,0.5,1.58113883008419,10.1,3.28125992061992,7,5.41602560309064
916,0.5,1.58113883008419,10.1,3.28125992061992,7,5.41602560309064
917,0.5,1.58113883008419,10.1,3.28125992061992,7,5.41602560309064
918,0.5,1.58113883008419,10.1,3.28125992061992,7,5.41602560309064
919,0.5,1.58113883008419,10.1,3.28125992061992,7,5.41602560309064
920,0.5,1.58113883008419,10.1,3.28125992061992,7,5.41602560309064
921,0.5,1.58113883008419,10.1,3.28125992061992,7,5.41602560309064
922,0.5,1.58113883008419,10.1,3.28125992061992,7,5.41602560309064
923,0.5,1.58113883008419,10.1,3.28125992061992,7,5.41602560309064
924,0.5,1.58113883008419,10.1,3.28125992061992,7,5.41602560309064
925,0.5,1.58113883008419,10.1,3.28125992061992,7,5.41602560309064
926,0.5,1.58113883008419,10.1,3.28125992061992,7,5.41602560309064
927,0.5,1.58113883008419,10.1,3.28125992061992,7,5.41602560309064
928,0.5,1.58113883008419,10.1,3.28125992061992,7,5.41602560309064
929,0.5,1.58113883008419,10.1,3.28125992061992,7,5.41602560309064
930,0.5,1.58113883008419,10.1,3.28125992061992,7,5.41602560309064
931,0.5,1.58113883008419,10.1,3.28125992061992,7,5.41602560309064
932,0.5,1.58113883008419,10.1,3.28125992061992,7,5.41602560309064
933,0.5,1.58113883008419,10.1,3.28125992061992,7,5.41602560309064
934,0.5,1.58113883008419,10.1,3.28125992061992,7,5.41602560309064
935,0.5,1.58113883008419,10.1,3.28125992061992,7,5.41602560309064
936,0.5,1.58113883008419,10.1,3.28125992061992,7,5.41602560309064
937,0.5,1.58113883008419,10.1,3.28125992061992,7,5.41602560309064
938,0.5,1.58113883008419,10.1,3.28125992061992,7,5.41602560309064
939,0.5,1.58113883008419,10.1,3.28125992061992,7,5.41602560309064
940,0.5,1.58113883008419,10.1,3.28125992061992,7,5.41602560309064
941,0.5,1.58113883008419,10.1,3.28125992061992,6.9,5.50656174234179
942,0.5,1.58113883008419,10.1,3.28125992061992,6.9,5.50656174234179
943,0.5,1.58113883008419,10.1,3.28125992061992,6.9,5.50656174234179
944,0.5,1.58113883008419,10.1,3.28125992061992,6.9,5.50656174234179
945,0.5,1.58113883008419,10.1,3.28125992061992,6.9,5.50656174234179
946,0.5,1.58113883008419,10.1,3.28125992061992,6.9,5.50656174234179
947,0.5,1.58113883008419,10.1,3.28125992061992,6.9,5.50656174234179
948,0.5,1.58113883008419,10.1,3.28125992061992,6.9,5.50656174234179
949,0.5,1.58113883008419,10.1,3.28125992061992,6.9,5.50656174234179
950,0.5,1.58113883008419,10.1,3.28125992061992,6.9,5.50656174234179
951,0.5,1.58113883008419,10.1,3.28125992061992,6.9,5.50656174234179
952,0.5,1.58113883008419,10.1,3.28125992061992,6.9,5.50656174234179
953,0.5,1.58113883008419,10.1,3.28125992061992,6.9,5.50656174234179
954,0.5,1.58113883008419,10.1,3.28125992061992,6.9,5.50656174234179
955,0.5,1.58113883008419,10.1,3.28125992061992,6.9,5.50656174234179
956,0.5,1.58113883008419,10.1,3.28125992061992,6.9,5.50656174234179
957,0.5,1.58113883008419,10.1,3.28125992061992,6.9,5.50656174234179
958,0.5,1.58113883008419,10.1,3.28125992061992,6.9,5.50656174234179
959,0.5,1.58113883008419,10.1,3.28125992061992,6.9,5.50656174234179
960,0.4,1.26491106406735,10.1,3.28125992061992,6.9,5.50656174234179
961,0.4,1.26491106406735,10.1,3.28125992061992,6.9,5.50656174234179
962,0.4,1.26491106406735,10.1,3.28125992061992,6.9,5.50656174234179
963,0.4,1.26491106406735,10.1,3.28125992061992,6.9,5.50656174234179
964,0.4,1.26491106406735,10.1,3.28125992061992,6.9,5.50656174234179
965,0.4,1.26491106406735,10.1,3.28125992061992,6.9,5.50656174234179
966,0.4,1.26491106406735,10.1,3.28125992061992,6.9,5.50656174234179
967,0.4,1.26491106406735,10.1,3.28125992061992,6.9,5.50656174234179
968,0.4,1.26491106406735,10.1,3.28125992061992,6.9,5.50656174234179
969,0.4,1.26491106406735,10.1,3.28125992061992,6.9,5.50656174234179
970,0.4,1.26491106406735,10.1,3.28125992061992,6.9,5.50656174234179
971,0.4,1.26491106406735,10.1,3.28125992061992,6.9,5.50656174234179
972,0.4,1.26491106406735,10.1,3.28125992061992,6.9,5.50656174234179
973,0.3,0.948683298050514,10.1,3.28125992061992,6.9,5.50656174234179
974,0.3,0.948683298050514,10.1,3.28125992061992,6.9,5.50656174234179
975,0.3,0.948683298050514,10.1,3.28125992061992,6.9,5.50656174234179
976,0.3,0.948683298050514,10.1,3.28125992061992,6.8,5.6332347131407
977,0.3,0.948683298050514,10.1,3.28125992061992,6.8,5.6332347131407
978,0.3,0.948683298050514,10.1,3.28125992061992,6.8,5.6332347131407
979,0.3,0.948683298050514,10.1,3.28125992061992,6.8,5.6332347131407
980,0.3,0.948683298050514,10.1,3.28125992061992,6.8,5.6332347131407
981,0.3,0.948683298050514,10.1,3.28125992061992,6.8,5.6332347131407
982,0.3,0.948683298050514,10.1,3.28125992061992,6.8,5.6332347131407
983,0.3,0.948683298050514,10.1,3.28125992061992,6.8,5.6332347131407
984,0.3,0.948683298050514,10.1,3.28125992061992,6.8,5.6332347131407
985,0.3,0.948683298050514,10.1,3.28125992061992,6.8,5.6332347131407
986,0.3,0.948683298050514,10.1,3.28125992061992,6.8,5.6332347131407
987,0.2,0.632455532033676,10.1,3.28125992061992,6.8,5.6332347131407
988,0.2,0.632455532033676,10.1,3.28125992061992,6.8,5.6332347131407
989,0.2,0.632455532033676,10.1,3.28125992061992,6.8,5.6332347131407
990,0.2,0.632455532033676,10.1,3.28125992061992,6.8,5.6332347131407
991,0.2,0.632455532033676,10.1,3.28125992061992,6.8,5.6332347131407
992,0.2,0.632455532033676,10.1,3.28125992061992,6.8,5.6332347131407
993,0.1,0.316227766016838,10.1,3.28125992061992,6.8,5.6332347131407
994,0.1,0.316227766016838,10.1,3.28125992061992,6.8,5.6332347131407
995,0.1,0.316227766016838,10.1,3.28125992061992,6.8,5.6332347131407
996,0.1,0.316227766016838,10.1,3.28125992061992,6.8,5.6332347131407
997,0.1,0.316227766016838,10.1,3.28125992061992,6.8,5.6332347131407
998,0.1,0.316227766016838,10.1,3.28125992061992,6.8,5.6332347131407
999,0.1,0.316227766016838,10.1,3.28125992061992,6.8,5.6332347131407
1000,0.1,0.316227766016838,10.1,3.28125992061992,6.8,5.6332347131407
